dataverse,article,date,year,journal
THE_REVIEW,"Drinking Tea with the Neighbors: Informal Clubs, General Trust, and Trustworthiness in Mali",2023-08-22,2023,apsr
THE_REVIEW,Introducing HiSCoD: A New Gateway for the Study of Historical Social Conflict,2023-08-22,2023,apsr
THE_REVIEW,What Do Americans Want From (Private) Government? Experimental Evidence Demonstrates that Americans Want Workplace Democracy,2023-08-18,2023,apsr
THE_REVIEW,Laboratories of Democratic Backsliding,2023-08-09,2023,apsr
THE_REVIEW,The Long-Term Effects of Neighborhood Disadvantage on Voting Behavior: The “Moving to Opportunity” Experiment,2023-07-28,2023,apsr
THE_REVIEW,Consolidating Progress: The Selection of Female Ministers in Autocracies and Democracies,2023-07-24,2023,apsr
THE_REVIEW,How Partisan Is Local Election Administration?,2023-07-19,2023,apsr
THE_REVIEW,Ethnic Riots and Prosocial Behavior: Evidence from Kyrgyzstan,2023-07-17,2023,apsr
THE_REVIEW,Endogenous Popularity: How Perceptions of Support Affect the Popularity of Authoritarian Regimes,2023-07-17,2023,apsr
THE_REVIEW,Regime Support and Gender Quotas in Autocracies,2023-07-10,2023,apsr
THE_REVIEW,"State Violence, Party Formation, and Electoral Accountability: The Political Legacy of the Marikana Massacre",2023-07-10,2023,apsr
THE_REVIEW,The Violence of Law-and-Order Politics: The Case of Law Enforcement Candidates in Brazil,2023-07-10,2023,apsr
THE_REVIEW,Women Also Know Stuff: Challenging the Gender Gap in Political Sophistication,2023-07-10,2023,apsr
THE_REVIEW,Movement versus Party: The Electoral Effects of Anti-Far Right Protests in Greece,2023-07-05,2023,apsr
THE_REVIEW,Military Repression and Restraint in Algeria,2023-07-05,2023,apsr
THE_REVIEW,Patterns of Affective Polarization toward Parties and Leaders across the Democratic World,2023-06-29,2023,apsr
THE_REVIEW,Can Racial Diversity among Judges Affect Sentencing Outcomes?,2023-06-27,2023,apsr
THE_REVIEW,The Geography of Racially Polarized Voting: Calibrating Surveys at the District Level,2023-06-27,2023,apsr
THE_REVIEW,Sisters Are Doing It for Themselves: How Female Combatants Help Generate Gender-Inclusive Peace Agreements in Civil Wars,2023-06-26,2023,apsr
THE_REVIEW,"Social Capital, Institutional Rules, and Constitutional Amendment Rates",2023-06-26,2023,apsr
THE_REVIEW,Local News and National Politics,2023-06-21,2023,apsr
THE_REVIEW,Civic Responses to Police Violence,2023-06-15,2023,apsr
THE_REVIEW,Civilian Protest in Civil War: Insights from Côte d'Ivoire,2023-06-14,2023,apsr
THE_REVIEW,Do Politicians Outside the United States Also Think Voters Are More Conservative than They Really Are?,2023-06-14,2023,apsr
THE_REVIEW,"Buying a Blind Eye: Campaign Donations, Regulatory Enforcement, and Deforestation",2023-06-12,2023,apsr
THE_REVIEW,Bringing in the New Votes: Turnout of Women after Enfranchisement.,2023-06-06,2023,apsr
THE_REVIEW,"Identifying the Rich: Registration, Taxation, and Access to the State in Tanzania",2023-05-22,2023,apsr
THE_REVIEW,Misclassification and Bias in Predictions of Individual Ethnicity from Administrative Records,2023-05-15,2023,apsr
THE_REVIEW,Repression and Dissent in Moments of Uncertainty: Panel Data Evidence from Zimbabwe,2023-05-08,2023,apsr
THE_REVIEW,Replication data for: Respect for Human Rights has Improved Over Time: Modeling the Changing Standard of Accountability,2023-05-07,2023,apsr
THE_REVIEW,State Terror and Long-Run Development: The Persistence of the Khmer Rouge,2023-05-02,2023,apsr
THE_REVIEW,"Female Representation and Legitimacy: Evidence from a Harmonized Experiment in Jordan, Morocco, and Tunisia",2023-04-28,2023,apsr
THE_REVIEW,The Political Consequences of Green Policies: Evidence from Italy,2023-04-28,2023,apsr
THE_REVIEW,Contested Killings: The Mobilizing Effects of Community Contact with Police Violence,2023-04-26,2023,apsr
THE_REVIEW,"Extraction, Assimilation, and Accommodation: The Historical Foundations of Indigenous-State Relations in Latin America",2023-04-26,2023,apsr
THE_REVIEW,Fathers' Leave Reduces Sexist Attitudes,2023-04-26,2023,apsr
THE_REVIEW,From Victims to Dissidents: Legacies of Violence and Popular Mobilization in Iraq (2003-2018),2023-04-20,2023,apsr
THE_REVIEW,Tilly Goes to Church: The Religious and Medieval Roots of European State Fragmentation,2023-04-20,2023,apsr
THE_REVIEW,The Global Resonance of Human Rights: What Google Trends Can Tell Us,2023-04-19,2023,apsr
THE_REVIEW,"Imperfect Victims? Civilian Men, Vulnerability and Policy Preferences",2023-04-19,2023,apsr
THE_REVIEW,The Silenced Text: Field Experiments on Gendered Experiences of Political Participation,2023-04-18,2023,apsr
THE_REVIEW,Dark Parties: Unveiling Non-Party Communities in American Political Campaigns,2023-04-14,2023,apsr
THE_REVIEW,Diversity Matters: The Election of Asian Americans to U.S. State and Federal Legislatures,2023-03-31,2023,apsr
THE_REVIEW,An Outbreak of Selective Attribution: Partisanship and Blame in the COVID-19 Pandemic,2023-03-30,2023,apsr
THE_REVIEW,Divided We Unite: The Nature of Partyism and the Role of Coalition Partnership in Europe,2023-03-30,2023,apsr
THE_REVIEW,War and Nationalism: How WW1 battle deaths fueled civilians' support for the Nazi Party,2023-03-30,2023,apsr
THE_REVIEW,Impartial Administration and Peaceful Agrarian Reform: The Foundations for Democracy in Scandinavia,2023-03-22,2023,apsr
THE_REVIEW,Presidential Investment in the Administrative State,2023-03-13,2023,apsr
THE_REVIEW,Elite Change Without Regime Change: Authoritarian Persistence in Africa and the End of the Cold War,2023-03-09,2023,apsr
THE_REVIEW,From Pluribus to Unum? The Civil War and Imagined Sovereignty in Nineteenth-Century America,2023-03-09,2023,apsr
THE_REVIEW,How Deliberation Happens: Enabling Deliberative Reason,2023-03-09,2023,apsr
THE_REVIEW,"Rule Ambiguity, Institutional Clashes and Population Loss: How Wikipedia Became the Last Good Place on the Internet",2023-03-09,2023,apsr
THE_REVIEW,Se Habla Español: Spanish-Language Appeals and Candidate Evaluations in the United States,2023-03-08,2023,apsr
THE_REVIEW,Evidence of Caste-Class Discrimination from a Conjoint Analysis of Law Enforcement Officers,2023-03-07,2023,apsr
THE_REVIEW,"Counterinsurgency Tactics, Rebel Grievances, and Who Keeps Fighting",2023-03-07,2023,apsr
THE_REVIEW,Re-Evaluating Machine Learning for MRP Given the Comparable Performance of (Deep) Hierarchical Models,2023-03-03,2023,apsr
THE_REVIEW,Modeling Spatial Heterogeneity and Historical Persistence: Nazi Concentration Camps and Contemporary Intolerance,2023-03-02,2023,apsr
THE_REVIEW,Political Responsiveness to Conflict Victims: Evidence from a Countrywide Audit Experiment in Colombia,2023-02-27,2023,apsr
THE_REVIEW,"The ""Need for Chaos"" and Motivations to Share Hostile Political Rumors",2023-02-21,2023,apsr
THE_REVIEW,Statistically Valid Inferences from Privacy Protected Data,2023-02-08,2023,apsr
THE_REVIEW,Appendix for What do ‘Left Behind Communities’ Want? A Qualitative Study in the United Kingdom using Photo Elicitation,2023-02-08,2023,apsr
THE_REVIEW,Rule Significance and Interbranch Competition in Rulemaking Processes,2023-02-07,2023,apsr
THE_REVIEW,"""State Support for Religion and Government Legitimacy in Christian-Majority Countries""",2023-02-07,2023,apsr
THE_REVIEW,"""Women Grab Back: Exclusion, Policy Threat, and Women’s Political Ambition""",2023-02-07,2023,apsr
THE_REVIEW,UN Peacekeeping and Democratization in Conflict-Affected Countries,2023-01-30,2023,apsr
THE_REVIEW,Locking Down Violence: The COVID-19 Pandemic’s Impact on Non-State Actor Violence,2023-01-30,2023,apsr
THE_REVIEW,How Do Politicians Bargain? Evidence from Ultimatum Games with Legislators in Five Countries,2023-01-27,2023,apsr
THE_REVIEW,"Participation, Development, and Accountability: A Survey Experiment on Democratic Decision-Making in Kenya",2023-01-26,2023,apsr
THE_REVIEW,Antidote to Backsliding: Ethnic Politics and Democratic Resilience,2023-01-23,2023,apsr
THE_REVIEW,Respectability Politics and Black Americans' Punitive Attitudes,2023-01-20,2023,apsr
THE_REVIEW,Do Women Make More Protectionist Trade Policy?,2023-01-20,2023,apsr
THE_REVIEW,Embedding Regression: Models for Context-Specific Description and Inference,2023-01-19,2023,apsr
THE_REVIEW,Strategic Reporting: A Formal Model of Biases in Conflict Data,2022-12-21,2022,apsr
THE_REVIEW,How Exile Shapes Online Opposition: Evidence from Venezuela,2022-12-19,2022,apsr
THE_REVIEW,Revolutionary Violence and CounterrevolutionEmbargoed,2022-12-19,2022,apsr
THE_REVIEW,BARP: Improving Mister P with Bayesian Additive Regression Trees,2022-12-14,2022,apsr
THE_REVIEW,Government Rhetoric and the Representation of Public Opinion in International Negotiations,2022-12-09,2022,apsr
THE_REVIEW,The President Will See Whom Now? Presidential Engagement with Organized Interests,2022-12-07,2022,apsr
THE_REVIEW,White Americans' Reactions to Racial Disparities in COVID-19,2022-12-05,2022,apsr
THE_REVIEW,"""Trauma and Turnout: The Political Consequences of Traumatic Events""",2022-12-02,2022,apsr
THE_REVIEW,Ticketing and Turnout: The Participatory Consequences of Low-Level Police Contact,2022-12-02,2022,apsr
THE_REVIEW,"""Failing The Test: The Countervailing Attitudinal Effects of Civil Service Examinations""",2022-11-28,2022,apsr
THE_REVIEW,Complements or Substitutes? How Institutional Arrangements Bind Traditional Authorities and the State in Africa,2022-11-08,2022,apsr
THE_REVIEW,Collective Remembrance and Private Choice: German-Greek Conflict and Behavior in Times of Crisis,2022-11-08,2022,apsr
THE_REVIEW,The Perpetuity of the Past: Transmission of Political Inequality across Multiple Generations,2022-11-07,2022,apsr
THE_REVIEW,Making the List: Reevaluating Political Trust and Social Desirability in China,2022-11-07,2022,apsr
THE_REVIEW,STADL Up! The Spatio-Temporal Autoregressive Distributed Lag Model for TSCS Data Analysis,2022-11-03,2022,apsr
THE_REVIEW,Privatizing Financial Protection: Regulatory Feedback and the Politics of Financial Reform,2022-10-28,2022,apsr
THE_REVIEW,"Relaxing Assumptions, Improving Inference: Integrating Machine Learning and the Linear Regression",2022-10-28,2022,apsr
THE_REVIEW,Do Violent Protests Affect Expressions of Party Identity? Evidence from the Capitol Insurrection,2022-10-25,2022,apsr
THE_REVIEW,Local News and the Electoral Incentive to Invest in Infrastructure,2022-10-20,2022,apsr
THE_REVIEW,"Equality, Reciprocity, or Need? Bolstering Welfare Policy Support for Marginalized Groups with Distributive Fairness",2022-10-19,2022,apsr
THE_REVIEW,Misperceptions About Refugee Policy,2022-10-17,2022,apsr
THE_REVIEW,"Language, Skin Tone, and Attitudes toward Puerto Rico in the Aftermath of Hurricane Maria",2022-10-14,2022,apsr
THE_REVIEW,Ideology for the Future,2022-10-12,2022,apsr
THE_REVIEW,Automatic Voter Re-registration as a Housewarming Gift: Quantifying Causal Effects on Turnout Using Movers,2022-10-11,2022,apsr
THE_REVIEW,"External Validity: Framework, Design, and Analysis",2022-10-11,2022,apsr
THE_REVIEW,International Sports Events and Repression in Autocracies: Evidence from the 1978 FIFA World Cup,2022-10-06,2022,apsr
THE_REVIEW,Can Stakeholders Mobilize Businesses for the Protection of Democracy? Evidence from the U.S. Capitol Insurrection,2022-10-03,2022,apsr
THE_REVIEW,The Domestic Sources of International Reputation,2022-09-19,2022,apsr
THE_REVIEW,Can Elections Motivate Responsiveness in a Single-Party Regime? Experimental Evidence from Vietnam,2022-09-08,2022,apsr
THE_REVIEW,"Foundations of a New Democracy: Schooling, Inequality, and Voting in the Early Republic",2022-09-08,2022,apsr
THE_REVIEW,Competition in Congressional Elections: Money Versus Votes,2022-09-06,2022,apsr
THE_REVIEW,The Democratic State and Redistribution: Whose Interests Are Served?,2022-09-06,2022,apsr
THE_REVIEW,Rebel Motivations and Repression,2022-09-06,2022,apsr
THE_REVIEW,Symbolic Refugee Protection: Explaining Latin America’s Liberal Refugee Laws,2022-09-06,2022,apsr
THE_REVIEW,Moderates,2022-09-06,2022,apsr
THE_REVIEW,Electoral Systems and Gender Inequality in Political News: Analyzing the News Visibility of Members of Parliament in Norway and the UK.,2022-08-30,2022,apsr
THE_REVIEW,Political Solutions to Discriminatory Behavior,2022-08-30,2022,apsr
THE_REVIEW,Does Political Representation Increase Participation? Evidence from Party Candidate Lotteries in Mexico,2022-08-26,2022,apsr
THE_REVIEW,Rationalizing Democracy: The Perceptual Bias and (Un)Democratic Behavior,2022-08-25,2022,apsr
THE_REVIEW,"Weak, Despotic, or Inclusive? How State Type Emerges from State vs. Civil Society Competition",2022-08-22,2022,apsr
THE_REVIEW,Armed Violence and Patriarchal Values: A Survey of Young Men in Thailand and their Military Experiences,2022-08-08,2022,apsr
THE_REVIEW,Gender and the Impact of Proportional Representation: A Comment on the Peripheral Voting Thesis,2022-08-08,2022,apsr
THE_REVIEW,Facing Change: Gender and Climate Change Attitudes Worldwide,2022-08-08,2022,apsr
THE_REVIEW,Affluence and Influence in a Social Democracy,2022-07-29,2022,apsr
THE_REVIEW,The German Trade Shock and the Rise of the Neo-Welfare State in Early 20th Century Britain,2022-07-28,2022,apsr
THE_REVIEW,The Politics of Police Data: State Legislative Capacity and the Transparency of State and Substate Agencies,2022-07-20,2022,apsr
THE_REVIEW,Replication data for “It’s Like Shouting to a Brick Wall”: Normative Whiteness and Racism in the European Parliament,2022-07-19,2022,apsr
THE_REVIEW,Measuring Misperceptions?,2022-07-14,2022,apsr
THE_REVIEW,"Policing, Democratic Participation, and the Reproduction of Asymmetric Citizenship",2022-07-12,2022,apsr
THE_REVIEW,The Representational Consequences of Municipal Civil Service Reform,2022-07-07,2022,apsr
THE_REVIEW,"Greed, Envy, and Admiration: The Distinct Nature of Public Opinion about Redistribution from the Rich",2022-07-06,2022,apsr
THE_REVIEW,Prejudiced When Climbing Up or When Falling Down? Why Some People of Color Express Anti-Black Racism,2022-06-17,2022,apsr
THE_REVIEW,Can’t We All Just Get Along? How Women MPs Can Ameliorate Affective Polarization in Western Publics,2022-06-14,2022,apsr
THE_REVIEW,Canvassing the Gatekeepers: A Field Experiment to Increase Women Voters' Turnout in Pakistan,2022-05-18,2022,apsr
THE_REVIEW,The Effect of Pregnancy on Engagement with Politics. Toward a Model of the Political Consequences of the Earliest Stages of Parenthood,2022-05-17,2022,apsr
THE_REVIEW,Does the International Criminal Court Target the American Military?,2022-05-16,2022,apsr
THE_REVIEW,How Are Politicians Informed? Witnesses and Information Provision in Congress,2022-05-16,2022,apsr
THE_REVIEW,Temporary Disenfranchisement: Negative Side-Effects of Lowering the Voting Age,2022-05-10,2022,apsr
THE_REVIEW,"Democracy, Public Support, and Measurement Uncertainty",2022-05-05,2022,apsr
THE_REVIEW,"""Learning to Dislike Your Opponents: Political Socialization in the Era of Polarization""",2022-05-04,2022,apsr
THE_REVIEW,Campaign Contributions and Roll Call Voting in the US House of Representatives: the case of the Sugar industry,2022-05-02,2022,apsr
THE_REVIEW,The Effect of Gender on Interruptions at Congressional Hearings,2022-05-02,2022,apsr
THE_REVIEW,Land and Legibility: When do Citizens Expect Secure Property Rights in Weak States?,2022-05-02,2022,apsr
THE_REVIEW,Replication Data for Survey Nonresponse and Mass Polarization: The consequences of declining contact and cooperation rates,2022-05-02,2022,apsr
THE_REVIEW,The Competing Influence of Policy Content and Political Cues: Cross-Border Evidence from the United States and Canada,2022-04-20,2022,apsr
THE_REVIEW,Intrinsic Social Incentives in State and Non-state Armed Groups,2022-04-20,2022,apsr
THE_REVIEW,"""Does Receiving Government Assistance Shape Political Attitudes? Evidence from Agricultural Producers""",2022-04-19,2022,apsr
THE_REVIEW,Social Groups as the Source of Political Belief Systems: Fresh Evidence on an Old Theory,2022-04-19,2022,apsr
THE_REVIEW,Why So Little Strategic Voting in India,2022-04-13,2022,apsr
THE_REVIEW,Creating Climate Coalitions: Mass Preferences for Compensating Vulnerability in the World’s Two Largest Democracies,2022-04-13,2022,apsr
THE_REVIEW,Does Political Oversight of the Bureaucracy Increase Accountability? Field Experimental Evidence from a Dominant Party Regime,2022-04-13,2022,apsr
THE_REVIEW,Power Sharing and Authoritarian Stability: How Rebel Regimes Solve the Guardianship Dilemma,2022-04-13,2022,apsr
THE_REVIEW,Voting for Votes: Opposition Parties’ Legislative Activity and Electoral Outcomes,2022-04-11,2022,apsr
THE_REVIEW,Education or Indoctrination? The Violent Origins of Public School Systems in an Era of State-Building,2022-04-07,2022,apsr
THE_REVIEW,Migration and the Demand for Transnational Justice,2022-04-06,2022,apsr
THE_REVIEW,Preventing Rebel Resurgence after Civil War: A Field Experiment in Security and Justice Provision in Rural Colombia,2022-03-31,2022,apsr
THE_REVIEW,Informing the Leader: Bureaucracies and International Crises,2022-03-31,2022,apsr
THE_REVIEW,The Ex-Factor: Examining the Gendered Effect of Divorce on Voter Turnout,2022-03-29,2022,apsr
THE_REVIEW,Replication File for: “Let our ballots secure what our bullets have won”: Union Veterans and the Making of Radical Reconstruction,2022-03-29,2022,apsr
THE_REVIEW,Voter outreach campaigns can reduce affective polarization among implementing political activists: evidence from inside three campaigns,2022-03-25,2022,apsr
THE_REVIEW,"""The Logic of Kidnapping in Civil War: Evidence from Colombia""",2022-03-23,2022,apsr
THE_REVIEW,The Opinion Mobilizing Effect of Social Protest Against Police Violence: Evidence from the 2020 George Floyd Protests,2022-03-23,2022,apsr
THE_REVIEW,When do Männerparteien Elect Women? Radical Right Populist Parties and Strategic Descriptive Representation,2022-03-23,2022,apsr
THE_REVIEW,Disappointed Expectations: Downward Mobility and Electoral Change,2022-03-17,2022,apsr
THE_REVIEW,Reframing the Guardianship Dilemma: How the Military’s Dual Disloyalty Options Imperil Dictators,2022-03-03,2022,apsr
THE_REVIEW,"""Does Competence Make Citizens Tolerate Undemocratic Behavior?""",2022-02-22,2022,apsr
THE_REVIEW,Why Botter: How Pro-Government Bots Fight Opposition in Russia,2022-02-22,2022,apsr
THE_REVIEW,"Can courts in non-democracies deter election fraud? De jure judicial independence, political competition, and election integrity",2022-02-18,2022,apsr
THE_REVIEW,Ethnic Bias in Judicial Decision-making: Evidence from Criminal Appeals in Kenya,2022-02-11,2022,apsr
THE_REVIEW,“I’m Not Sure What to Believe:” Media Distrust and Opinion Formation during the COVID-19 Pandemic,2022-02-04,2022,apsr
THE_REVIEW,The Politics of Policy: The Initial Mass Political Effects of Medicaid Expansion in the States,2022-01-28,2022,apsr
THE_REVIEW,Blood is Thicker Than Water: Elite Kinship Networks and State Building in Imperial China,2022-01-26,2022,apsr
THE_REVIEW,Coming out to vote: The construction of a lesbian and gay electoral constituency in the United States,2022-01-26,2022,apsr
THE_REVIEW,Enfranchisement and Incarceration After the 1965 Voting Rights Act,2022-01-20,2022,apsr
THE_REVIEW,"Trump and the Shifting Meaning of ""Conservative"": Using Activists' Pairwise Comparisons to Measure Politicians' Perceived Ideologies",2022-01-20,2022,apsr
THE_REVIEW,"""Electoral Responsiveness in Closed Autocracies: Evidence from Petitions in the former German Democratic Republic""",2021-12-23,2021,apsr
THE_REVIEW,The Curse of Good Intentions: Why Anti-Corruption Messaging Can Encourage Bribery,2021-12-20,2021,apsr
THE_REVIEW,"""Changing In-Group Boundaries: The Effect of Immigration on Race Relations in the United States""",2021-12-13,2021,apsr
THE_REVIEW,Group Size and Protest Mobilization across Movements and Countermovements,2021-12-10,2021,apsr
THE_REVIEW,“Outside Lobbying” Over the Airwaves: A Randomized Field Experiment on Televised Issue Ads,2021-12-07,2021,apsr
THE_REVIEW,The Provenance Problem: Research Methods and Ethics in the Age of WikiLeaks,2021-12-07,2021,apsr
THE_REVIEW,Does the Meeting Style Matter? The Effects of Exposure to Participatory and Deliberative School Board Meetings,2021-12-01,2021,apsr
THE_REVIEW,The Economic Consequences of Banking Crises: The Role of Central Banks and Optimal Independence,2021-11-15,2021,apsr
THE_REVIEW,Violence and Voting in the United States: How School Shootings Affect Elections,2021-11-09,2021,apsr
THE_REVIEW,"Replication data for: Sovereignty, Substance, and Public Support for European Courts’ Human Rights Rulings",2021-11-05,2021,apsr
THE_REVIEW,Who Votes More Strategically?,2021-11-02,2021,apsr
THE_REVIEW,Punishment and Politicization in the International Human Rights Regime,2021-11-02,2021,apsr
THE_REVIEW,The Effect of Television Advertising in United States Elections,2021-11-02,2021,apsr
THE_REVIEW,The Influence of Unknown Media on Public Opinion: Evidence from Local and Foreign News Sources,2021-11-02,2021,apsr
THE_REVIEW,Senators at Home: Local Attentiveness and Policy Representation in Congress,2021-11-02,2021,apsr
THE_REVIEW,Ambiguous Platforms and Correlated Preferences: Experimental Evidence,2021-10-29,2021,apsr
THE_REVIEW,Post Post-Broadcast Democracy? News Exposure in the Age of Online Intermediaries,2021-10-29,2021,apsr
THE_REVIEW,"Land, Opportunism, and Displacement in Civil Wars: Evidence from Colombia",2021-10-28,2021,apsr
THE_REVIEW,"From recognition to integration: indigenous autonomy, state authority, and national identity in the Philippines",2021-10-15,2021,apsr
THE_REVIEW,Benevolent Policies: Bureaucratic Politics and the International Dimensions of Social Policy Expansion,2021-10-12,2021,apsr
THE_REVIEW,Under the Microscope: Gender and Accountability in the US Congress,2021-10-12,2021,apsr
THE_REVIEW,Authoritarian Rallying as Reputational Cascade? Evidence from Putin's Popularity Surge after Crimea,2021-09-28,2021,apsr
THE_REVIEW,"Replication Materials for: ""Do Policy Makers Listen to Experts? Evidence from a National Survey of Local and State Policymakers""",2021-09-28,2021,apsr
THE_REVIEW,How Do Electoral Incentives Affect Legislator Behavior? Evidence from U.S. State Legislatures,2021-09-28,2021,apsr
THE_REVIEW,This One’s for the Boys: How Gendered Political Socialization Limits Girls’ Political Ambition and Interest,2021-09-17,2021,apsr
THE_REVIEW,"The long-term effects of oppression: Prussia, Political Catholicism and the Alternative für Deutschland",2021-09-16,2021,apsr
THE_REVIEW,Replication Data for Payments and Penalties for Democracy: Gendered Electoral Financing in Action Worldwide,2021-09-15,2021,apsr
THE_REVIEW,Replication data for: Does State Repression Spark Protests? Evidence from Secret Police Surveillance in Communist Poland,2021-09-14,2021,apsr
THE_REVIEW,Effective for Whom? Ethnic Identity and Nonviolent Resistance,2021-09-14,2021,apsr
THE_REVIEW,"Intellectualism, Anti-Intellectualism and Epistemic Hubris in Red and Blue America",2021-09-13,2021,apsr
THE_REVIEW,Public Sector Employment and Voter Turnout,2021-09-10,2021,apsr
THE_REVIEW,How the Workplace Affects Employee Political Contributions,2021-09-03,2021,apsr
THE_REVIEW,Public Reactions to Non-Compliance with Judicial Orders,2021-09-03,2021,apsr
THE_REVIEW,"""Agenda Control and Timing of Bill Initiation: A Temporal Perspective on Coalition Governance in Parliamentary Democracies""",2021-08-27,2021,apsr
THE_REVIEW,"Cash Crops, Print Technologies and the Politicization of Ethnicity in Africa",2021-08-27,2021,apsr
THE_REVIEW,The Elite-Citizen Gap in International Organisation Legitimacy,2021-08-27,2021,apsr
THE_REVIEW,The Curious Case of Theresa May and the Public that Did Not Rally: Gendered Reactions to Terrorist Attacks can Cause Slumps Not Bumps,2021-08-26,2021,apsr
THE_REVIEW,"The Psychology of Online Political Hostility -- A Comprehensive, Cross-National Test of the Mismatch Hypothesis",2021-08-26,2021,apsr
THE_REVIEW,The Shadow Effect of Courts: Judicial Review and the Politics of Preemptive Reform,2021-08-26,2021,apsr
THE_REVIEW,Tabloid Media Campaigns and Public Opinion: Quasi-Experimental Evidence on Euroscepticism in England,2021-08-26,2021,apsr
THE_REVIEW,Reconsidering the Link Between Self-Reported Personality Traits and Political Preferences,2021-08-26,2021,apsr
THE_REVIEW,Who Votes: City Election Timing and Voter Composition,2021-08-20,2021,apsr
THE_REVIEW,Replication Data for Coalitional Lobbying and Intersectional Representation in American Rulemaking,2021-08-13,2021,apsr
THE_REVIEW,Liberal Displacement Policies Attract Forced Migrants in the Global South,2021-08-06,2021,apsr
THE_REVIEW,Human Capital and Voting Behavior Across Generations: Evidence from an Income Intervention,2021-08-05,2021,apsr
THE_REVIEW,Crossing Over: Majority Party Control Affects Legislator Behavior and the Agenda,2021-08-04,2021,apsr
THE_REVIEW,"Life, Literacy, and the Pursuit of Prosperity: Party Competition and Policy Outcomes in 50 States",2021-08-02,2021,apsr
THE_REVIEW,"Congress and Community: Coresidence and Social Influence in the U.S. House of Representatives, 1801–1861",2021-07-30,2021,apsr
THE_REVIEW,Flight to Safety: Covid-Induced Changes in the Intensity of Status Quo Preference and Voting Behavior,2021-07-28,2021,apsr
THE_REVIEW,"Replication Data for ""Is Deliberation an Antidote to Extreme Partisan Polarization? Reflections on America in One Room""",2021-07-27,2021,apsr
THE_REVIEW,Public Perceptions of Women’s Inclusion and Feelings of Political Efficacy,2021-07-27,2021,apsr
THE_REVIEW,A note on post-treatment selection in studying racial discrimination in policing,2021-07-26,2021,apsr
THE_REVIEW,"Gender, Candidate Emotional Expression, and Voter Reactions During Televised Debates",2021-07-19,2021,apsr
THE_REVIEW,Workplace Contact and Support for Anti-Immigration Parties,2021-07-12,2021,apsr
THE_REVIEW,"""Acute Financial Hardship and Voter Turnout: Theory and Evidence from the Sequence of Bank Working Days""",2021-07-08,2021,apsr
THE_REVIEW,Democratic Subversion: Elite Cooptation and Opposition Fragmentation.,2021-07-08,2021,apsr
THE_REVIEW,Members of Parliament are minimally accountable for their issue stances (and they know it),2021-07-08,2021,apsr
THE_REVIEW,Effectiveness of Incumbent's Strategic Communication during Economic Crisis under Electoral Authoritarianism: Evidence from Turkey,2021-07-06,2021,apsr
THE_REVIEW,Activating Animus: The Uniquely Social Roots of Trump Support,2021-06-30,2021,apsr
THE_REVIEW,Reexamining the Effect of Refugees on Civil Conflict: A Global Subnational Analysis,2021-06-28,2021,apsr
THE_REVIEW,"Swords and Plowshares: Property Rights, Collective Action, and Non-state Governance in the Jewish Community of Palestine 1920-1948",2021-06-28,2021,apsr
THE_REVIEW,A Logical Model for Predicting Minority Representation: Application to Redistricting and Voting Rights Cases,2021-06-25,2021,apsr
THE_REVIEW,Split Feelings: Understanding Implicit and Explicit Political Persuasion,2021-06-25,2021,apsr
THE_REVIEW,Educative Interventions to Combat Misinformation: Evidence From a Field Experiment in India,2021-06-16,2021,apsr
THE_REVIEW,Executive Power in Crisis,2021-06-16,2021,apsr
THE_REVIEW,Overcoming the Political Exclusion of Migrants: Theory and Experimental Evidence from India,2021-06-08,2021,apsr
THE_REVIEW,Understanding and Reducing Biases in Elite Beliefs About the Electorate,2021-06-08,2021,apsr
THE_REVIEW,Can Exposure to Celebrities Reduce Prejudice? The Effect of Mohamed Salah on Islamophobic Behaviors and Attitudes,2021-06-07,2021,apsr
THE_REVIEW,Does Public Diplomacy Sway Foreign Public Opinion? Identifying the Effect of High-Level Visits,2021-06-07,2021,apsr
THE_REVIEW,Minority Party Capacity in Congress,2021-06-01,2021,apsr
THE_REVIEW,Gender and Party Discipline: Evidence from Africa's Emerging Party Systems,2021-05-24,2021,apsr
THE_REVIEW,Playing to the Gallery: Emotive Rhetoric in Parliaments,2021-05-24,2021,apsr
THE_REVIEW,Social Origins of Dictatorship: Elite Networks and Political Transitions in Haiti,2021-05-22,2021,apsr
THE_REVIEW,Off-Cycle and Off-Center: Election Timing and Representation in Municipal Government,2021-05-22,2021,apsr
THE_REVIEW,"Replication Data for Journey Back Home: Violence, Anchoring, and Refugee Decisions to Return",2021-05-17,2021,apsr
THE_REVIEW,"Replication data for: ""Party Over Pocketbook? How Party Cues Influence Opinion When Citizens Have a Stake in Policy""",2021-05-17,2021,apsr
THE_REVIEW,Partisan polarization is the primary psychological motivation behind political fake news sharing on Twitter,2021-05-10,2021,apsr
THE_REVIEW,Close to Home: Place-Based Mobilization in Racialized Contexts,2021-05-03,2021,apsr
THE_REVIEW,Does Health Vulnerability Predict Voting for Right-Wing Populist Parties in Europe?,2021-04-26,2021,apsr
THE_REVIEW,"Non-unitary parties, government formation and Gamson's Law",2021-04-26,2021,apsr
THE_REVIEW,Turnout and Amendment 4: Mobilizing Eligible Voters Close to Formerly Incarcerated Floridians,2021-04-20,2021,apsr
THE_REVIEW,"The Two-Pronged Middle Class: The Old Bourgeoisie, New State-Engineered Middle Class and Democratic Development",2021-04-20,2021,apsr
THE_REVIEW,"Replication material for ""Studying Policy Design Quality in Comparative Perspective""",2021-04-13,2021,apsr
THE_REVIEW,Increasing Precision Without Altering Treatment Effects: Repeated Measures Designs in Survey Experiments,2021-04-13,2021,apsr
THE_REVIEW,The Politics of the Mundane,2021-04-13,2021,apsr
THE_REVIEW,"""Whose News? Class-Biased Economic Reporting in the United States""",2021-04-13,2021,apsr
THE_REVIEW,The Democratic Deficit in U.S. Education Governance,2021-03-31,2021,apsr
THE_REVIEW,Does Halting Refugee Resettlement Reduce Crime? Evidence from the US Refugee Ban,2021-03-31,2021,apsr
THE_REVIEW,Constitutional Reform and the Gender Diversification of Peak Courts,2021-03-19,2021,apsr
THE_REVIEW,"Gone For Good: Deindustrialization, White Voter Backlash, and US Presidential Voting",2021-03-16,2021,apsr
THE_REVIEW,"""Campaign Finance Regulations and Public Policy""",2021-03-10,2021,apsr
THE_REVIEW,Suppressing Black Votes: A Historical Case Study of Voting,2021-03-10,2021,apsr
THE_REVIEW,A Dynamic Model of Speech for the Social Sciences,2021-03-02,2021,apsr
THE_REVIEW,Replication Materials for: Why Austerity? The Mass Politics of a Contested Policy,2021-03-02,2021,apsr
THE_REVIEW,From Thin to Thick Representation: How a Female President Shapes Female Parliamentary Behavior,2021-02-24,2021,apsr
THE_REVIEW,"Why Parties Displace Their Voters: Gentrification, Coalitional Change and the Demise of Public Housing",2021-02-24,2021,apsr
THE_REVIEW,"Deliberation, Single-Peakedness and Coherent Aggregation",2021-02-24,2021,apsr
THE_REVIEW,"""Control Without Confirmation: The Politics of Vacancies in Presidential Appointments""",2021-02-15,2021,apsr
THE_REVIEW,"""Triggering Ideological Thinking: How Elections Foster Coherence of Welfare State Attitudes""",2021-02-15,2021,apsr
THE_REVIEW,“When are legislators responsive to ethnic minorities? Testing the role of electoral incentives and candidate selection for mitigating ethnocentric responsiveness”,2021-02-01,2021,apsr
THE_REVIEW,Pride amid Prejudice: The Impact of LGBT+ Rights Activism in a Socially Conservative Society,2021-01-26,2021,apsr
THE_REVIEW,Sustained government engagement improves subsequent pandemic risk reporting in conflict zones,2021-01-26,2021,apsr
THE_REVIEW,"""When Unfamiliarity Breeds Contempt: How Partisan Selective Exposure Sustains Oppositional Media Hostility.""",2021-01-26,2021,apsr
THE_REVIEW,"Constitutional Origins and Liberal Democracy: A Global Analysis, 1900-2015",2021-01-26,2021,apsr
THE_REVIEW,Four Costly Signaling Mechanisms,2021-01-26,2021,apsr
THE_REVIEW,Do Commodity Price Shocks Cause Armed Conflict? A Meta-Analysis of Natural Experiments,2021-01-26,2021,apsr
THE_REVIEW,How Do Campaign Spending Limits Affect Elections? Evidence from United Kingdom 1885-2019,2020-12-21,2020,apsr
THE_REVIEW,Family Matters: How Immigrant Histories Can Promote Inclusion,2020-12-21,2020,apsr
THE_REVIEW,"Slavery, Reconstruction, and Bureaucratic Capacity in the American South",2020-12-15,2020,apsr
THE_REVIEW,APSA Principles and Guidance for Human Subjects Research,2020-12-07,2020,apsr
THE_REVIEW,"Replication Data for ""When the Money Stops: Fluctuations in Financial Remittances and Incumbent Approval in Central Eastern Europe, the Caucasus and Central Asia""",2020-12-04,2020,apsr
THE_REVIEW,"Socialist Threat? Radical Party Entry, Electoral Alliances, and the Introduction of Proportional Representation",2020-11-18,2020,apsr
THE_REVIEW,"Local News, Information, and the Nationalization of U.S. Elections",2020-11-05,2020,apsr
THE_REVIEW,"Does Political Affirmative Action Work, and for Whom? Theory and Evidence on India's Scheduled Areas",2020-10-27,2020,apsr
THE_REVIEW,Democracy and Depression: A Cross-National Study of Depressive Symptoms and Non-Participation,2020-10-19,2020,apsr
THE_REVIEW,Measuring the Significance of Policy Outputs with Positive Unlabeled Learning,2020-10-19,2020,apsr
THE_REVIEW,Reconciling the Theoretical and Empirical Study of International Norms: A New Approach to Measurement,2020-10-19,2020,apsr
THE_REVIEW,Women's Descriptive Representation and Gendered Import Tax Discrimination,2020-10-19,2020,apsr
THE_REVIEW,"To Emerge? Breadwinning, Motherhood, and Women's Decisions to Run for Office",2020-10-14,2020,apsr
THE_REVIEW,Fundraising for Stigmatized Groups: A Text Message Donation Experiment,2020-09-23,2020,apsr
THE_REVIEW,Citizens as Complicits: Distrust in Politicians and Biased Social Dissemination of Political Information,2020-09-17,2020,apsr
THE_REVIEW,Seniority-based Nominations and Political Careers,2020-09-14,2020,apsr
THE_REVIEW,"Replication Data for ""Attributing Policy Influence under Coalition Governance""",2020-09-14,2020,apsr
THE_REVIEW,Fake It Til You Make It: A Natural Experiment to Identify European Politicians' Benefit from Twitter Bots,2020-09-11,2020,apsr
THE_REVIEW,The Non-Democratic Roots of Mass Education: Evidence from 200 Years,2020-09-11,2020,apsr
THE_REVIEW,"Replication Data for ""UN Peacekeeping and the Rule of Law""",2020-09-10,2020,apsr
THE_REVIEW,"""Hot politics? Affective responses to political rhetoric""",2020-09-10,2020,apsr
THE_REVIEW,Electoral Accountability and Particularistic Legislation: Evidence from an Electoral Reform in Mexico,2020-09-01,2020,apsr
THE_REVIEW,Political Advertising Online and Offline,2020-08-21,2020,apsr
THE_REVIEW,"Gender, Law Enforcement, and Access to Justice: Evidence from All-Women Police Stations in India",2020-08-11,2020,apsr
THE_REVIEW,How Much is One American Worth? How Competition Affects Trade Preferences,2020-08-11,2020,apsr
THE_REVIEW,Does Property Ownership Lead to Participation in Local Politics? Evidence from Property Records and Meeting Minutes,2020-08-06,2020,apsr
THE_REVIEW,The Political Economy of Bureaucratic Overload: Evidence from Rural Development Officials in India,2020-08-06,2020,apsr
THE_REVIEW,Who governs? A new global dataset on members of cabinets,2020-08-05,2020,apsr
THE_REVIEW,Mobilize for Our Lives? School Shootings and Democratic Accountability in U.S. Elections,2020-08-04,2020,apsr
THE_REVIEW,When to Worry About Sensitivity Bias: A Social Reference Theory and Evidence from 30 Years of List Experiments,2020-08-03,2020,apsr
THE_REVIEW,"Institutionalized Police Brutality: Torture, the Militarization of Security and the Reform of Inquisitorial Criminal Justice in Mexico",2020-08-03,2020,apsr
THE_REVIEW,Party Competition and Coalitional Stability: Evidence from American Local Government,2020-08-03,2020,apsr
THE_REVIEW,Which Identity Frames Boost Support for and Mobilization in the #BlackLivesMatter Movement? An Experimental Test,2020-07-31,2020,apsr
THE_REVIEW,"""Buying Power: Electoral Strategy before the Secret Vote""",2020-07-24,2020,apsr
THE_REVIEW,"Replication Code for: ""The Quality of Vote Tallies: Causes and Consequences""",2020-07-24,2020,apsr
THE_REVIEW,Women's Representation and the Gendered Pipeline to Power,2020-07-20,2020,apsr
THE_REVIEW,"Hix, Simon; Benedetto, Giacomo; Mastrorocco, Nicola, 2020, ""Giacomo Benedetto, Simon Hix and Nicola Mastrorocco (2020) The Rise and Fall of Social Democracy, 1918-2017""",2020-07-20,2020,apsr
THE_REVIEW,"Replication Package for ""Learning about Growth and Democracy""",2020-07-16,2020,apsr
THE_REVIEW,A Framework for Measuring Leaders' Willingness to Use Force,2020-07-16,2020,apsr
THE_REVIEW,Replication Data for Carving Out: Isolating the True Effect of Self Interest on Policy Attitudes,2020-07-16,2020,apsr
THE_REVIEW,Polarized Pluralism: Organizational Preferences and Biases in the American Pressure System,2020-07-16,2020,apsr
THE_REVIEW,Wildfire exposure increases pro-environment voting within Democratic but not Republican areas,2020-07-16,2020,apsr
THE_REVIEW,"Replication Data for ""What You See Is Not Always What You Get: Bargaining Before an Audience Under Multiparty Government""",2020-07-15,2020,apsr
THE_REVIEW,News and Geolocated Social Media Accurately Measure Protest Size Variation,2020-06-30,2020,apsr
THE_REVIEW,Replication Data for #No2Sectarianism: Experimental Approaches to Reducing Sectarian Hate Speech Online,2020-06-30,2020,apsr
THE_REVIEW,Democracy by mistake: How the errors of autocrats trigger transitions to freer government,2020-06-30,2020,apsr
THE_REVIEW,Censorship as Reward: Evidence from Pop Culture Censorship in Chile,2020-06-30,2020,apsr
THE_REVIEW,"""Human Rights are (Increasingly) Plural: Learning the Changing Taxonomy of Human Rights from Large-scale Text Reveals Information Effects""",2020-06-18,2020,apsr
THE_REVIEW,"One Person, One Vote: Estimating the Prevalence of Double Voting in U.S. Presidential Elections",2020-05-22,2020,apsr
THE_REVIEW,"Replication Data for ""Roll Call Vote Selection: Implications for the Study of Legislative Politics”.",2020-05-22,2020,apsr
THE_REVIEW,How Parties React to Voter Transitions,2020-05-22,2020,apsr
THE_REVIEW,"""Public Opinion and Foreign Electoral Intervention""",2020-05-22,2020,apsr
THE_REVIEW,"Constraining Governments: New Indices of Vertical, Horizontal and Diagonal Accountability",2020-05-22,2020,apsr
THE_REVIEW,"Lehmann and Masterson ""Does Aid Reduce Anti-Refugee Violence? Evidence from Syrian Refugees in Lebanon"" (APSR 2020)",2020-05-12,2020,apsr
THE_REVIEW,Relational State Building in Areas of Limited Statehood: Experimental Evidence on the Attitudes of the Police,2020-04-24,2020,apsr
THE_REVIEW,Accountability for the Local Economy at All Levels of Government in United States Elections,2020-04-05,2020,apsr
THE_REVIEW,"The Electoral System, the Party System and Accountability in Parliamentary Government",2020-02-17,2020,apsr
THE_REVIEW,"Agenda Seeding: How 1960s Black Protests Moved Elites, Public Opinion and Voting",2020-02-13,2020,apsr
THE_REVIEW,Corruption information and vote share: A meta-analysis and lessons for experimental design,2020-02-12,2020,apsr
THE_REVIEW,Political Secularism and Muslim Integration in the West: Assessing the Effects of the French Headscarf Ban,2020-02-11,2020,apsr
THE_REVIEW,The Partisan Logic of City Mobilization: Evidence From State Lobbying Disclosures,2020-02-11,2020,apsr
THE_REVIEW,'Negativity Biases and Political Ideology: A Comparative Test Across 17 Countries',2020-02-05,2020,apsr
THE_REVIEW,How Partisan Is Local Law Enforcement? Evidence from Sheriff Cooperation with Immigration Authorities,2020-02-03,2020,apsr
THE_REVIEW,Reducing exclusionary attitudes through interpersonal conversation: evidence from three field experiments,2020-02-03,2020,apsr
THE_REVIEW,Does Public Support for Judicial Power Depend on Who is in Political Power? Testing a Theory of Partisan Alignment in Africa,2020-02-03,2020,apsr
THE_REVIEW,The Geography of Inequality: How Land Use Regulation Produces Segregation,2020-02-03,2020,apsr
THE_REVIEW,Outside the Wire: US military Deployments and Host-Country Public Opinion,2020-02-03,2020,apsr
THE_REVIEW,"Replication Files for ""Killing in the Slums: Social Order, Criminal Governance, and Police Violence in Rio de Janeiro""",2020-02-03,2020,apsr
THE_REVIEW,The Desire for Social Status and Economic Conservatism Among Affluent Americans,2020-01-29,2020,apsr
THE_REVIEW,Legacies of the Third Reich: Concentration Camps and Outgroup Intolerance,2020-01-27,2020,apsr
THE_REVIEW,Measuring the Influence of Political Actors on the Federal Budget,2020-01-27,2020,apsr
THE_REVIEW,From Islamists to Muslim Democrats: The Case of Tunisia's Ennahda,2020-01-20,2020,apsr
THE_REVIEW,Origins of Early Democracy,2020-01-16,2020,apsr
THE_REVIEW,How Saudi Crackdowns Fail to Silence Online Dissent,2020-01-03,2020,apsr
THE_REVIEW,Administrative Records Mask Racially Biased Policing,2019-12-21,2019,apsr
THE_REVIEW,'When the Whole is Greater Than the Sum of its Parts: On the Concept and Measurement of Populist Attitudes and Other Multi-dimensional Constructs',2019-12-08,2019,apsr
THE_REVIEW,Replication Data for Social Network Structures and the Politics of Public Goods Provision,2019-11-22,2019,apsr
THE_REVIEW,Can Economic Assistance Shape Combatant Support in Wartime? Experimental Evidence from Afghanistan,2019-11-19,2019,apsr
THE_REVIEW,"""Understanding delegation through machine learning: A method and application to the European Union.""",2019-11-12,2019,apsr
THE_REVIEW,Noisy Retrospection: The Effect of Party Control on Policy Outcomes,2019-11-05,2019,apsr
THE_REVIEW,Spatial Voting Meets Spatial Policy Positions: An Experimental Appraisal,2019-10-31,2019,apsr
THE_REVIEW,Race and Representation in Campaign Finance,2019-10-31,2019,apsr
THE_REVIEW,How Empathic Concern Fuels Partisan Polarization,2019-10-31,2019,apsr
THE_REVIEW,The Ties that Double Bind: Social Roles and Women's Underrepresentation in Politics,2019-10-10,2019,apsr
THE_REVIEW,"Replication Data for ""Collective Action and Representation in Autocracies: Evidence from Russia's Great Reforms""",2019-10-10,2019,apsr
THE_REVIEW,Who Leads? Who Follows? Measuring Issue Attention and Agenda Setting by Legislators and the Mass Public Using Social Media Data,2019-10-10,2019,apsr
THE_REVIEW,In the Mood for Democracy? Democratic Support as Thermostatic Opinion,2019-10-10,2019,apsr
THE_REVIEW,Pitch Perfect: Vocal Pitch and the Emotional Intensity of Congressional Speech on Women,2019-08-29,2019,apsr
THE_REVIEW,"""Concentrated Burdens: How Self-Interest and Partisanship Shape Opinion on Opioid Treatment Policy""",2019-08-27,2019,apsr
THE_REVIEW,Theoretical Foundations and Empirical Evaluations of Partisan Fairness in District-Based Democracies,2019-08-26,2019,apsr
THE_REVIEW,Do Fairer Elections Increase the Responsiveness of Politicians?,2019-08-02,2019,apsr
THE_REVIEW,"Replication data for: How the Chinese Government Fabricates Social Media Posts for Strategic Distraction, not Engaged Argument",2019-07-20,2019,apsr
THE_REVIEW,Persuading the Enemy: Estimating the Persuasive Effects of Partisan Media with the Preference-Incorporating Choice and Assignment Design,2019-07-16,2019,apsr
THE_REVIEW,"Replication Data for ""Partisan Poll Watchers and Electoral Manipulation""",2019-06-25,2019,apsr
THE_REVIEW,The Fingerprints of Fraud: Evidence from Mexico's 1988 Election,2019-06-25,2019,apsr
THE_REVIEW,Establishing the Rule of Law in Weak and War-torn States: Evidence from a Field Experiment with the Liberian National Police,2019-06-25,2019,apsr
THE_REVIEW,Electoral Reform and Trade-Offs in Representation,2019-06-25,2019,apsr
THE_REVIEW,"Wealth, Slave Ownership, and Fighting for the Confederacy",2019-06-25,2019,apsr
THE_REVIEW,Replication Data for Safeguarding Democracy: Powersharing and Democratic Survival,2019-06-25,2019,apsr
THE_REVIEW,"Information Provision, Voter Coordination, and Electoral Accountability: Evidence from Mexican Social Networks",2019-06-25,2019,apsr
THE_REVIEW,Does Public Opinion Constrain Presidential Unilateralism?,2019-06-18,2019,apsr
THE_REVIEW,Can Violent Protest Change Local Policy Support? Evidence from the Aftermath of the 1992 Los Angeles Riot,2019-06-18,2019,apsr
THE_REVIEW,Declaring and Diagnosing Research Designs,2019-05-31,2019,apsr
THE_REVIEW,Replication for: Deliberative Democracy in an Unequal World: A Text-As-Data Study of South India’s Village Assemblies,2019-05-14,2019,apsr
THE_REVIEW,"Policy Ideology in European Mass Publics, 1981–2016",2019-04-18,2019,apsr
THE_REVIEW,Is Position-Taking Contagious? Evidence of Cue-Taking from Two Field Experiments in a State Legislature,2019-03-06,2019,apsr
THE_REVIEW,Elite Defection under Autocracy: Evidence from Russia,2019-03-06,2019,apsr
THE_REVIEW,Mass Repression and Political Loyalty: Evidence from Stalin's `Terror by Hunger',2019-03-06,2019,apsr
THE_REVIEW,How Do Immigrants Respond to Discrimination? The Case of Germans in the US during World War I,2019-03-04,2019,apsr
THE_REVIEW,Through the Grapevine: Informational Consequences of Interpersonal Political Communication,2019-02-28,2019,apsr
THE_REVIEW,"Diversity, Institutions, and Economic Outcomes: Post-WWII Displacement in Poland",2019-02-28,2019,apsr
THE_REVIEW,When Do Citizens Respond Politically to the Local Economy? Evidence from Registry Data on Local Housing Markets,2019-02-28,2019,apsr
THE_REVIEW,"""Misdemeanor Disenfranchisement? The demobilizing effects of brief jail spells on potential voters""",2019-02-28,2019,apsr
THE_REVIEW,Legitimacy in Criminal Governance: Managing a Drug Empire from Behind Bars,2019-02-27,2019,apsr
THE_REVIEW,Democratization and the Conditional Dynamics of Income Distribution,2019-02-27,2019,apsr
THE_REVIEW,"""'Judge Lynch' in the Court of Public Opinion: Publicity and the De-legitimation of Lynching""",2019-02-27,2019,apsr
THE_REVIEW,Does Party Trump Ideology? Disentangling Party and Ideology in America,2019-02-06,2019,apsr
THE_REVIEW,"Office-Selling, Corruption, and Long-Term Development in Peru",2019-01-08,2019,apsr
THE_REVIEW,(Under What Conditions) Do Politicians Reward Their Supporters? Evidence From Kenya’s Constituencies Development Fund,2019-01-04,2019,apsr
THE_REVIEW,"Participation, Government Legitimacy, and Regulatory Compliance in Emerging Economies: A Firm-Level Field Experiment in Vietnam",2019-01-04,2019,apsr
THE_REVIEW,Family Matters? Voting Behavior in Households with Criminal Justice Contact,2019-01-04,2019,apsr
THE_REVIEW,Using a Probabilistic Model to Assist Merging of Large-scale Administrative Records,2019-01-04,2019,apsr
THE_REVIEW,The Countervailing Effects of Competition on Public Goods Provision: When Bargaining Inefficiencies Lead to Bad Outcomes,2019-01-04,2019,apsr
THE_REVIEW,Effects of Divisive Political Campaigns on the Day-to-Day Segregation of Arab and Muslim Americans,2019-01-04,2019,apsr
THE_REVIEW,“An Asymmetrical ‘President-In-Power’ Effect”,2018-12-29,2018,apsr
THE_REVIEW,Demand Effects in Survey Experiments: An Empirical Assessment,2018-12-13,2018,apsr
THE_REVIEW,Elections Activate Partisanship Across Countries,2018-12-04,2018,apsr
THE_REVIEW,Public Attitudes toward Young Immigrant Men,2018-12-04,2018,apsr
THE_REVIEW,"""Does Private Regulation Preempt Public Regulation?""",2018-12-04,2018,apsr
THE_REVIEW,"Replication Data for ""The Credibility of Public and Private Signals: A Document-Based Approach""",2018-12-04,2018,apsr
THE_REVIEW,From Isolation to Radicalization: Anti-Muslim Hostility and Support for ISIS in the West,2018-12-04,2018,apsr
THE_REVIEW,Candidate Entry and Political Polarization: An Experimental Study,2018-12-04,2018,apsr
THE_REVIEW,"Policy Preferences and Policy Change: Dynamic Responsiveness in the American States, 1936–2014",2018-12-04,2018,apsr
THE_REVIEW,"""The Endurance of Politicians' Values Over Four Decades: A Panel Study""",2018-12-04,2018,apsr
THE_REVIEW,"""The Informational Theory of Legislative Committees: An Experimental Analysis"", Marco Battaglini; Ernest K. Lai; Wooyoung Lim; Joseph Tao-yi Wang",2018-12-04,2018,apsr
THE_REVIEW,The psychology of state repression: Fear and dissent decisions in Zimbabwe,2018-12-04,2018,apsr
THE_REVIEW,"""Education and Anti-Immigration Attitudes: Evidence from Compulsory Schooling Reforms across Western Europe""",2018-12-04,2018,apsr
THE_REVIEW,"""Legislative Staff and Representation in Congress""",2018-11-09,2018,apsr
THE_REVIEW,Legislative Review and Party Differentiation in Coalition Governments,2018-11-09,2018,apsr
THE_REVIEW,On the Limits on Officials’ Ability to Change Citizens’ Priorities: A Field Experiment in Local Politics*,2018-09-24,2018,apsr
THE_REVIEW,Quantifying Political Relationships,2018-09-24,2018,apsr
THE_REVIEW,Primaries and Candidate Polarization: Behavioral Theory and Experimental Evidence,2018-09-24,2018,apsr
THE_REVIEW,Political Competition in Legislative Elections,2018-09-24,2018,apsr
THE_REVIEW,"Replication Data for ""When Do the Advantaged See the Disadvantages of Others? A Quasi-Experimental Study of National Service""",2018-09-24,2018,apsr
THE_REVIEW,Cabinet Durability and Fiscal Discipline,2018-09-24,2018,apsr
THE_REVIEW,"""Who Polices the Administrative State?""",2018-09-20,2018,apsr
THE_REVIEW,"""Technological Change and Political Turnover: The Democratizing Effects of the Green Revolution in India""",2018-08-10,2018,apsr
THE_REVIEW,How Internal Constraints Shape Interest Group Activities: Evidence from Access-seeking PACs,2018-08-10,2018,apsr
THE_REVIEW,Exclusion and Cooperation in Diverse Societies: Experimental Evidence from Israel,2018-08-10,2018,apsr
THE_REVIEW,How Clients Select Brokers,2018-08-10,2018,apsr
THE_REVIEW,How to Make Causal Inferences with Time-Series Cross-Sectional Data under Selection on Observables,2018-08-10,2018,apsr
THE_REVIEW,Endogenous taxation in ongoing internal conflict: The case of Colombia,2018-08-10,2018,apsr
THE_REVIEW,"Examining a Most Likely Case for Strong Campaign Effects: Hitler’s Speeches and the Rise of the Nazi Party, 1927–1933",2018-08-10,2018,apsr
THE_REVIEW,Media Bias against Foreign Firms as a Veiled Trade Barrier: Evidence from Chinese Newspapers,2018-07-04,2018,apsr
THE_REVIEW,Ethnoracial Homogeneity and Public Outcomes: The (Non)effects of Diversity,2018-06-26,2018,apsr
THE_REVIEW,Are Human Rights Practices Improving?,2018-06-26,2018,apsr
THE_REVIEW,Independent Candidates and Political Representation in India,2018-05-14,2018,apsr
THE_REVIEW,"What Makes a Good Neighbor? Race, Place, and Norms of Political Participation",2018-04-30,2018,apsr
THE_REVIEW,The Birth of Pork: Local Appropriations in America's First Century,2018-04-20,2018,apsr
THE_REVIEW,How Sudden Censorship Can Increase Access to Information,2018-04-10,2018,apsr
THE_REVIEW,Can Social Contact Reduce Prejudice and Discrimination? Evidence from a Field Experiment in Nigeria,2018-04-05,2018,apsr
THE_REVIEW,Elite Competition and State Capacity Development: Theory and Evidence from Post-Revolutionary Mexico,2018-03-27,2018,apsr
THE_REVIEW,"""The Index of Emancipative Values: Measurement Model Misspecifications""",2018-03-27,2018,apsr
THE_REVIEW,Social and Institutional Origins of Political Islam,2018-03-27,2018,apsr
THE_REVIEW,Candidate Sexual Orientation didn't Matter (in the Way You Might Think) in the 2015 UK General Election,2018-03-27,2018,apsr
THE_REVIEW,Bias in Perceptions of Public Opinion Among American Political Elites,2018-03-22,2018,apsr
THE_REVIEW,The Politics of International Oversight: Strategic Monitoring and Legal Compliance in the European Union,2018-03-16,2018,apsr
THE_REVIEW,Global Competition and Brexit,2018-03-15,2018,apsr
THE_REVIEW,Who Punishes Extremist Nominees?,2018-03-12,2018,apsr
THE_REVIEW,"When Do Renters Behave Like Homeowners? High Rent, Price Anxiety, and NIMBYism",2018-03-12,2018,apsr
THE_REVIEW,Trickle-up Political Socialization: the Causal Effect on Turnout of Parenting a Newly Enfranchised Voter,2018-03-01,2018,apsr
THE_REVIEW,Political Dynasties and the Incumbency Advantage in Party-Centered Environments,2018-02-20,2018,apsr
THE_REVIEW,"Information Dissemination, Competitive Pressure, and Politician Performance between Elections: A Field Experiment in Uganda",2018-02-02,2018,apsr
THE_REVIEW,Agency Problems in Political Campaigns: Media Buying and Consulting,2018-01-18,2018,apsr
THE_REVIEW,Non-Representative Representatives: An Experimental Study of the Decision Making of Elected Politicians,2018-01-18,2018,apsr
THE_REVIEW,Businesspeople in Elected Office: Identifying Private Benefits from Firm-Level Returns,2018-01-08,2018,apsr
THE_REVIEW,Replication Data for Reading Between the Lines: Prediction of Political Violence Using Newspaper Text,2018-01-06,2018,apsr
THE_REVIEW,"Ideology, Grandstanding, and Strategic Party Disloyalty in British Parliament",2017-12-13,2017,apsr
THE_REVIEW,Reevaluating the Middle Class Protest Paradigm: A Case-Control Study of Democratic Protest Coalitions in Russia,2017-12-13,2017,apsr
THE_REVIEW,Seeing the world through the other’s eye: An online intervention reducing ethnic prejudice,2017-12-13,2017,apsr
THE_REVIEW,Secular Party Rule and Religious Violence in Pakistan,2017-12-13,2017,apsr
THE_REVIEW,Replication data for: Campaign Communications in U.S. Congressional Elections.,2017-10-31,2017,apsr
THE_REVIEW,Voter Registration Costs and Disenfranchisement: Experimental Evidence from France,2017-10-23,2017,apsr
THE_REVIEW,"Digging into the Pocketbook: Evidence on Economic Voting from Income Registry Data Matched to a Voter Survey by Andrew Healy, Mikael Persson and Erik Snowberg",2017-10-09,2017,apsr
THE_REVIEW,"A pairwise comparison framework for fast, flexible, and reliable human coding of political texts",2017-10-09,2017,apsr
THE_REVIEW,"Replication data for: The Political Economy of Unfinished Development Projects: Corruption, Clientelism, or Collective Choice?",2017-10-09,2017,apsr
THE_REVIEW,The Minimal Persuasive Effects of Campaign Contact in General Elections: Evidence from 49 Field Experiments,2017-10-04,2017,apsr
THE_REVIEW,Positioning under Alternative Electoral Systems,2017-10-04,2017,apsr
THE_REVIEW,"Ideology, Grandstanding, and Strategic Party Disloyalty in British Parliament",2017-09-19,2017,apsr
THE_REVIEW,Policy Uptake as Political Behavior: Evidence from the Affordable Care Act,2017-09-01,2017,apsr
THE_REVIEW,Voter Turnout in New and Established Democracies 1939-2015,2017-08-31,2017,apsr
THE_REVIEW,The Death Camp Eldorado: Political and Economic Effects of Mass Violence,2017-08-15,2017,apsr
THE_REVIEW,Days of Action or Restraint? How the Islamic Calendar Impacts Violence,2017-08-15,2017,apsr
THE_REVIEW,Replication Data for Public Employees as Politicians: Evidence from Close Elections,2017-08-15,2017,apsr
THE_REVIEW,Demand for Law and the Security of Property Rights: The Case of Post-Soviet Russia,2017-07-26,2017,apsr
THE_REVIEW,"Replication Data for Economic Development, Mobility and Political Discontent: An Experimental Test of Tocqueville's Thesis in Pakistan",2017-06-28,2017,apsr
THE_REVIEW,Electoral Accountability for State Legislative Roll-Calls and Ideological Representation,2017-06-28,2017,apsr
THE_REVIEW,The Political Violence Cycle,2017-06-21,2017,apsr
THE_REVIEW,Testing Social Science Network Theories with Online Network Data: An Evaluation of External Validity,2017-06-21,2017,apsr
THE_REVIEW,Replication Data for Democracy at Work: Moving Beyond Elections to Improve Wellbeing,2017-06-21,2017,apsr
THE_REVIEW,Process or Candidate: The International Community and the Demand for Electoral Integrity,2017-03-31,2017,apsr
THE_REVIEW,"It's Not Just What You Have, but Who You Know: Networks, Social Proximity to Elites, and Voting in State and Local Elections",2017-03-27,2017,apsr
THE_REVIEW,Spontaneous Collective Action: Peripheral Mobilization During the Arab Spring,2017-03-27,2017,apsr
THE_REVIEW,“Party Activists as Campaign Advertisers: The Ground Campaign as a Principal-Agent Problem,2017-03-23,2017,apsr
THE_REVIEW,Replication data for: The Adverse Effects of Sunshine: A Field Experiment on Legislative Transparency in an Authoritarian Assembly,2016-12-01,2016,apsr
THE_REVIEW,"Money, Reputation, and Incumbency in U.S. House Elections, or Why Marginals Have Become More Expensive",2016-11-25,2016,apsr
THE_REVIEW,"""Technology and Collective Action: The Effect of Cell Phone Coverage on Political Violence in Africa""",2016-09-13,2016,apsr
THE_REVIEW,Fast Estimation of Ideal Points with Massive Data,2016-06-01,2016,apsr
THE_REVIEW,Elite Influence on Public Opinion in an Informed Electorate,2016-04-30,2016,apsr
THE_REVIEW,Does Paying Politicians More Promote Economic Diversity in Legislatures?,2016-03-08,2016,apsr
THE_REVIEW,"Laura Paler. 2013. ""Keeping the Public Purse: An Experiment in Windfalls, Taxes, and the Incentives to Restrain Government."" American Political Science Review 107(4): 706-725.",2016-03-02,2016,apsr
THE_REVIEW,Presidential Particularism and Divide-the-Dollar Politics,2016-03-01,2016,apsr
THE_REVIEW,"Charles Cameron and Jonathan P. Kastellec. ""Are Supreme Court Nominations a Move-the-Median Game?""",2016-01-28,2016,apsr
THE_REVIEW,"Brown Earle Gehlbach ""Helping Hand or Grabbing Hand? State Bureaucracy and Privatization Effectiveness""",2015-11-22,2015,apsr
THE_REVIEW,"Demography and Democracy: A Global, District-level Analysis of Electoral Contestation",2015-08-20,2015,apsr
THE_REVIEW,Replication data for: The Question(s) of Political Knowledge,2015-08-04,2015,apsr
THE_REVIEW,"Toft, Monica Duffy, and Yuri M. Zhukov. ""Islamists and Nationalists: Rebel Motivation and Counterinsurgency in Russia's North Caucasus."" American Political Science Review 109.02 (2015): 222-238.",2015-06-25,2015,apsr
THE_REVIEW,The Impact of Recentralization on Public Services: A Difference-in-Differences Analysis of the Abolition of Elected Councils in Vietnam,2015-05-30,2015,apsr
THE_REVIEW,"""The impartiality of international judges: Evidence from the European Court of Human Rights."" American Political Science Review 102.04 (2008): 417-433",2015-05-29,2015,apsr
THE_REVIEW,Representation in Municipal Government,2015-05-26,2015,apsr
THE_REVIEW,Replication data for: What Do I Need to Vote? Bureaucratic Discretion and Discrimination by Local Election Officials,2014-12-11,2014,apsr
THE_REVIEW,Is There a Culture War? Conflicting Value Structures in American Public Opinion,2014-12-06,2014,apsr
THE_REVIEW,"Replication data for: “When Canvassers Became Activists: Antislavery Petitioning and the Political Mobilization of American Women,” American Political Science Review, 108(3) (August 2014), 479-498.",2014-09-18,2014,apsr
THE_REVIEW,Replication data for: Enhancing Democracy Through Legislative Redistricting,2014-09-02,2014,apsr
THE_REVIEW,"Replication data for: ""I wld like u WMP to extend electricity 2 our village:"" On Information Technology and Interest Articulation",2014-08-25,2014,apsr
THE_REVIEW,"Replication data for: On Party Platforms, Mandates, and Government Spending",2014-08-20,2014,apsr
THE_REVIEW,"Elections to the United States House of Representatives, 1898-1992",2014-08-20,2014,apsr
THE_REVIEW,Replication data for: A Statistical Model of Multiparty Electoral Data,2014-08-20,2014,apsr
THE_REVIEW,Replication data for: Improving Quantitative Studies of International Conflict: A Conjecture,2014-08-20,2014,apsr
THE_REVIEW,Replication data for: Administrative Unit Prolifiration,2014-08-03,2014,apsr
THE_REVIEW,Replication data for: Explaining Support for Combatants during Wartime: A Survey Experiment in Afghanistan,2014-01-01,2014,apsr
THE_REVIEW,Replication data for: Network Dynamics and the Evolution of International Cooperation,2013-12-22,2013,apsr
THE_REVIEW,Replication data for: Perils or Promise of Ethnic Integration: Evidence from a Hard Case in Burundi,2013-11-15,2013,apsr
THE_REVIEW,Reproduction files for: A Source of Bias in Public Opinion Stability,2013-07-26,2013,apsr
THE_REVIEW,Quality Over Quantity: Amici Influence and Judicial Decision Making,2013-07-14,2013,apsr
THE_REVIEW,Individual State Legislator Shor-McCarty Ideology Data,2013-05-19,2013,apsr
THE_REVIEW,Replication data for: Crossing the Line: Local Ethnic Geography and Voting in Ghana,2013-05-14,2013,apsr
THE_REVIEW,Replication data for: The Influence of Federal Spending on Presidential Elections,2013-04-30,2013,apsr
THE_REVIEW,"Replication data for: ""Economic versus Cultural Differences: Forms of Ethnic Diversity and Public Goods Provision.""",2012-03-21,2012,apsr
THE_REVIEW,Replication data for: Ideological Mapping of American Legislatures,2012-01-30,2012,apsr
THE_REVIEW,Replication data for: Unpacking the Black Box of Causality: Learning about Causal Mechanisms from Experimental and Observational Studies,2011-08-19,2011,apsr
THE_REVIEW,Replication data for: Shaping Democratic Practice (APSR),2011-06-05,2011,apsr
THE_REVIEW,"Replication data for: The Political Economy of IMF Lending in Africa. American Political Science Review, 2004",2011-04-18,2011,apsr
THE_REVIEW,Replication data for: The Strategic Timing of Position Taking in Congress: A Study of the North American Free Trade Agreement,2011-02-09,2011,apsr
THE_REVIEW,"Replication data for: Ethnicity, Insurgency, and Civil War by Fearon and Laitin",2011-01-21,2011,apsr
THE_REVIEW,"Replication data for: ""Building Strategic Capacity"" American Political Science Review 2010",2011-01-13,2011,apsr
THE_REVIEW,"Complete Reichstag Election Dispute Dataset, 1871-1914",2010-12-05,2010,apsr
THE_REVIEW,"Ashley Anderson and Andrea Hill's Comments on ""Oil, Islam, and Women""",2010-04-28,2010,apsr
THE_REVIEW,"Replication data for: Oil, Islam, and Women",2010-02-22,2010,apsr
THE_REVIEW,Replication data for: The Constraining Power of International Treaties: Theory and Methods,2009-06-22,2009,apsr
THE_REVIEW,Replication data for: Assessing the Dyadic Nature of the Democratic Peace,2009-01-20,2009,apsr
THE_REVIEW,Replication data for: Civil Wars Kill and Maim People—Long After the Shooting Stops,2009-01-20,2009,apsr
THE_REVIEW,Replication data for: Extended Deterrence and the Outbreak of War,2009-01-20,2009,apsr
THE_REVIEW,Replication data for: The Political Response to Black Insurgency: A Critical Test of Competing Theories of the State,2009-01-20,2009,apsr
THE_REVIEW,Replication data for: The Statistical Analysis of Roll Call Voting: A Unified Approach,2009-01-20,2009,apsr
THE_REVIEW,"Replication data for: Identifying the Culprit: Democracy, Dictatorship, and Dispute Initiation",2008-12-15,2008,apsr
THE_REVIEW,Replication data for: Issue Fluidity on the U.S. Supreme Court,2007-12-09,2007,apsr
THE_REVIEW,Replication data for: The Globalization of Liberalization: Policy Diffusion in the International Political Economy,2007-11-27,2007,apsr
THE_REVIEW,Replication data for: Powerful Pacifists: Democratic States and War,2007-11-27,2007,apsr
THE_REVIEW,"Replication data for: The Butterfly Did It: The Aberrant Vote for Buchanan in Palm Beach County, Florida",2007-11-27,2007,apsr
THE_REVIEW,Replication data for: Winners or Losers? Democracies in International Crises,2007-11-27,2007,apsr
THE_REVIEW,"Replication data for: The Political Determinants of International Trade: The Major Powers, 1907-90",2007-11-27,2007,apsr
THE_REVIEW,"Replication data for: How does Cabinet Instability affect Political Performance: Credible Commitment, Information, and Health Care Cost Containment in Parliamentary Politics",2007-11-27,2007,apsr
THE_REVIEW,Replication data for: Has Cable Ended the Golden Age of Presidential Television?,2007-11-27,2007,apsr
THE_REVIEW,Replication data for: Speak Softly and Carry a Big Stick? Veterans in the Policy Making Elite and the American Use of Force,2007-11-27,2007,apsr
THE_REVIEW,"Replication data for: Democracy, War Initiation, and Victory",2007-11-27,2007,apsr
THE_REVIEW,"Replication data for: State Lottery Adoptions as Policy Innovations: An Event History Analysis, 1990",2007-11-27,2007,apsr
